month;headcount;gross;employer_ss;kind
2025-01;2;4800;1510;simulated
2025-02;2;4800;1510;simulated
2025-03;2;4800;1510;simulated
2025-04;2;4800;1510;simulated
2025-05;2;4800;1510;simulated
2025-06;2;4800;1510;simulated
2025-07;2;4800;1510;simulated
2025-08;2;4800;1510;simulated
2025-09;2;4800;1510;simulated
2025-10;2;4800;1510;simulated
2025-11;2;4800;1510;simulated
2025-12;2;4800;1510;simulated
2026-01;1;2000;630;simulated
2026-02;1;2000;630;simulated
2026-03;1;2000;630;simulated
2026-04;1;2000;630;simulated
2026-05;1;2000;630;simulated
2026-06;1;2000;630;simulated
2026-07;1;2000;630;simulated
2026-08;1;2000;630;simulated
2026-09;1;2000;630;simulated
